"geoname","statepostal","fips","seriesid","purpose","year","quarter","value"
"Denton County","TX","48121","COUNT","Both",2017,1,5209
"Denton County","TX","48121","COUNT","Refinance",2014,1,997
"Denton County","TX","48121","COUNT","Both",2014,1,3482
"Denton County","TX","48121","COUNT","Purchase",2014,2,3560
"Denton County","TX","48121","COUNT","Refinance",2014,2,1301
"Denton County","TX","48121","COUNT","Both",2014,2,4861
"Denton County","TX","48121","COUNT","Purchase",2014,3,3333
"Denton County","TX","48121","COUNT","Refinance",2014,3,1490
"Denton County","TX","48121","COUNT","Both",2014,3,4823
"Denton County","TX","48121","COUNT","Purchase",2014,4,2632
"Denton County","TX","48121","COUNT","Refinance",2014,4,1619
"Denton County","TX","48121","COUNT","Both",2014,4,4251
"Denton County","TX","48121","COUNT","Purchase",2015,5,13838
"Denton County","TX","48121","COUNT","Refinance",2015,5,9144
"Denton County","TX","48121","COUNT","Both",2015,5,22982
"Denton County","TX","48121","COUNT","Purchase",2015,1,2741
"Denton County","TX","48121","COUNT","Refinance",2015,1,2516
"Denton County","TX","48121","COUNT","Both",2015,1,5257
"Denton County","TX","48121","COUNT","Purchase",2015,2,4031
"Denton County","TX","48121","COUNT","Refinance",2015,2,2406
"Denton County","TX","48121","COUNT","Both",2015,2,6437
"Denton County","TX","48121","COUNT","Purchase",2015,3,3932
"Denton County","TX","48121","COUNT","Refinance",2015,3,2148
"Denton County","TX","48121","COUNT","Both",2015,3,6080
"Denton County","TX","48121","COUNT","Purchase",2015,4,3134
"Denton County","TX","48121","COUNT","Refinance",2015,4,2074
"Denton County","TX","48121","COUNT","Both",2015,4,5208
"Denton County","TX","48121","COUNT","Purchase",2016,5,14832
"Denton County","TX","48121","COUNT","Refinance",2016,5,12005
"Denton County","TX","48121","COUNT","Both",2016,5,26837
"Denton County","TX","48121","COUNT","Purchase",2016,1,3455
"Denton County","TX","48121","COUNT","Refinance",2016,1,2507
"Denton County","TX","48121","COUNT","Both",2016,1,5962
"Denton County","TX","48121","COUNT","Purchase",2016,2,4302
"Denton County","TX","48121","COUNT","Refinance",2016,2,2962
"Denton County","TX","48121","COUNT","Both",2016,2,7264
"Denton County","TX","48121","COUNT","Purchase",2016,3,3896
"Denton County","TX","48121","COUNT","Refinance",2016,3,3805
"Denton County","TX","48121","COUNT","Both",2016,3,7701
"Denton County","TX","48121","COUNT","Purchase",2016,4,3179
"Denton County","TX","48121","COUNT","Refinance",2016,4,2731
"Denton County","TX","48121","COUNT","Both",2016,4,5910
"Denton County","TX","48121","COUNT","Purchase",2017,5,15305
"Denton County","TX","48121","COUNT","Refinance",2017,5,7973
"Denton County","TX","48121","COUNT","Both",2017,5,23278
"Denton County","TX","48121","COUNT","Purchase",2017,1,3482
"Denton County","TX","48121","COUNT","Refinance",2017,1,1727
"Denton County","TX","48121","COUNT","Purchase",2013,5,10846
"Denton County","TX","48121","COUNT","Refinance",2013,5,8258
"Denton County","TX","48121","COUNT","Both",2013,5,19104
"Denton County","TX","48121","COUNT","Purchase",2013,1,2219
"Denton County","TX","48121","COUNT","Refinance",2013,1,3037
"Denton County","TX","48121","COUNT","Both",2013,1,5256
"Denton County","TX","48121","COUNT","Purchase",2013,2,3251
"Denton County","TX","48121","COUNT","Refinance",2013,2,2831
"Denton County","TX","48121","COUNT","Both",2013,2,6082
"Denton County","TX","48121","COUNT","Purchase",2013,3,3175
"Denton County","TX","48121","COUNT","Refinance",2013,3,1363
"Denton County","TX","48121","COUNT","Both",2013,3,4538
"Denton County","TX","48121","COUNT","Purchase",2013,4,2201
"Denton County","TX","48121","COUNT","Refinance",2013,4,1027
"Denton County","TX","48121","COUNT","Both",2013,4,3228
"Denton County","TX","48121","COUNT","Purchase",2014,5,12010
"Denton County","TX","48121","COUNT","Refinance",2014,5,5407
"Denton County","TX","48121","COUNT","Both",2014,5,17417
"Denton County","TX","48121","COUNT","Purchase",2014,1,2485
"Denton County","TX","48121","COUNT","Purchase",2020,2,4342
"Denton County","TX","48121","COUNT","Refinance",2020,2,5043
"Denton County","TX","48121","COUNT","Both",2020,2,9385
"Denton County","TX","48121","COUNT","Purchase",2020,3,4950
"Denton County","TX","48121","COUNT","Refinance",2020,3,5224
"Denton County","TX","48121","COUNT","Both",2020,3,10174
"Denton County","TX","48121","COUNT","Purchase",2020,4,4083
"Denton County","TX","48121","COUNT","Refinance",2020,4,4503
"Denton County","TX","48121","COUNT","Both",2020,4,8586
"Denton County","TX","48121","COUNT","Purchase",2021,5,18095
"Denton County","TX","48121","COUNT","Refinance",2021,5,18448
"Denton County","TX","48121","COUNT","Both",2021,5,36543
"Denton County","TX","48121","COUNT","Purchase",2021,1,3924
"Denton County","TX","48121","COUNT","Refinance",2021,1,4760
"Denton County","TX","48121","COUNT","Both",2021,1,8684
"Denton County","TX","48121","COUNT","Purchase",2021,2,5091
"Denton County","TX","48121","COUNT","Refinance",2021,2,4353
"Denton County","TX","48121","COUNT","Both",2021,2,9444
"Denton County","TX","48121","COUNT","Purchase",2021,3,4798
"Denton County","TX","48121","COUNT","Refinance",2021,3,5062
"Denton County","TX","48121","COUNT","Both",2021,3,9860
"Denton County","TX","48121","COUNT","Purchase",2021,4,4282
"Denton County","TX","48121","COUNT","Refinance",2021,4,4273
"Denton County","TX","48121","COUNT","Both",2021,4,8555
"Denton County","TX","48121","COUNT","Purchase",2022,5,17189
"Denton County","TX","48121","COUNT","Refinance",2022,5,7167
"Denton County","TX","48121","COUNT","Both",2022,5,24356
"Denton County","TX","48121","COUNT","Purchase",2022,1,4469
"Denton County","TX","48121","COUNT","Refinance",2022,1,3643
"Denton County","TX","48121","COUNT","Both",2022,1,8112
"Denton County","TX","48121","COUNT","Purchase",2022,2,5214
"Denton County","TX","48121","COUNT","Refinance",2022,2,1859
"Denton County","TX","48121","COUNT","Both",2022,2,7073
"Denton County","TX","48121","COUNT","Purchase",2022,3,4264
"Denton County","TX","48121","COUNT","Refinance",2022,3,1161
"Denton County","TX","48121","COUNT","Both",2022,3,5425
"Denton County","TX","48121","COUNT","Purchase",2022,4,3242
"Denton County","TX","48121","COUNT","Refinance",2022,4,504
"Denton County","TX","48121","COUNT","Both",2022,4,3746
"Denton County","TX","48121","COUNT","Purchase",2017,2,4376
"Denton County","TX","48121","COUNT","Refinance",2017,2,2088
"Denton County","TX","48121","COUNT","Both",2017,2,6464
"Denton County","TX","48121","COUNT","Purchase",2017,3,4038
"Denton County","TX","48121","COUNT","Refinance",2017,3,2172
"Denton County","TX","48121","COUNT","Both",2017,3,6210
"Denton County","TX","48121","COUNT","Purchase",2017,4,3409
"Denton County","TX","48121","COUNT","Refinance",2017,4,1986
"Denton County","TX","48121","COUNT","Both",2017,4,5395
"Denton County","TX","48121","COUNT","Purchase",2018,5,14758
"Denton County","TX","48121","COUNT","Refinance",2018,5,6157
"Denton County","TX","48121","COUNT","Both",2018,5,20915
"Denton County","TX","48121","COUNT","Purchase",2018,1,3384
"Denton County","TX","48121","COUNT","Refinance",2018,1,1701
"Denton County","TX","48121","COUNT","Both",2018,1,5085
"Denton County","TX","48121","COUNT","Purchase",2018,2,4407
"Denton County","TX","48121","COUNT","Refinance",2018,2,1669
"Denton County","TX","48121","COUNT","Both",2018,2,6076
"Denton County","TX","48121","COUNT","Purchase",2018,3,3868
"Denton County","TX","48121","COUNT","Refinance",2018,3,1518
"Denton County","TX","48121","COUNT","Both",2018,3,5386
"Denton County","TX","48121","COUNT","Purchase",2018,4,3099
"Denton County","TX","48121","COUNT","Refinance",2018,4,1269
"Denton County","TX","48121","COUNT","Both",2018,4,4368
"Denton County","TX","48121","COUNT","Purchase",2019,5,14963
"Denton County","TX","48121","COUNT","Refinance",2019,5,10135
"Denton County","TX","48121","COUNT","Both",2019,5,25098
"Denton County","TX","48121","COUNT","Purchase",2019,1,3222
"Denton County","TX","48121","COUNT","Refinance",2019,1,1384
"Denton County","TX","48121","COUNT","Both",2019,1,4606
"Denton County","TX","48121","COUNT","Purchase",2019,2,4432
"Denton County","TX","48121","COUNT","Refinance",2019,2,2174
"Denton County","TX","48121","COUNT","Both",2019,2,6606
"Denton County","TX","48121","COUNT","Purchase",2019,3,3976
"Denton County","TX","48121","COUNT","Refinance",2019,3,3526
"Denton County","TX","48121","COUNT","Both",2019,3,7502
"Denton County","TX","48121","COUNT","Purchase",2019,4,3333
"Denton County","TX","48121","COUNT","Refinance",2019,4,3051
"Denton County","TX","48121","COUNT","Both",2019,4,6384
"Denton County","TX","48121","COUNT","Purchase",2020,5,16944
"Denton County","TX","48121","COUNT","Refinance",2020,5,19231
"Denton County","TX","48121","COUNT","Both",2020,5,36175
"Denton County","TX","48121","COUNT","Purchase",2020,1,3569
"Denton County","TX","48121","COUNT","Refinance",2020,1,4461
"Denton County","TX","48121","COUNT","Both",2020,1,8030
"Denton County","TX","48121","MEDIAN","Purchase",2013,5,254000
"Denton County","TX","48121","MEDIAN","Refinance",2013,5,249800
"Denton County","TX","48121","MEDIAN","Both",2013,5,251000
"Denton County","TX","48121","MEDIAN","Purchase",2013,1,240000
"Denton County","TX","48121","MEDIAN","Both",2014,5,262000
"Denton County","TX","48121","MEDIAN","Purchase",2014,1,260000
"Denton County","TX","48121","MEDIAN","Refinance",2014,1,226000
"Denton County","TX","48121","MEDIAN","Both",2014,1,251300
"Denton County","TX","48121","MEDIAN","Purchase",2014,2,265000
"Denton County","TX","48121","MEDIAN","Refinance",2014,2,244000
"Denton County","TX","48121","MEDIAN","Both",2014,2,259500
"Denton County","TX","48121","MEDIAN","Purchase",2014,3,265000
"Denton County","TX","48121","MEDIAN","Refinance",2014,3,248000
"Denton County","TX","48121","MEDIAN","Both",2014,3,260000
"Denton County","TX","48121","MEDIAN","Purchase",2014,4,280000
"Denton County","TX","48121","MEDIAN","Refinance",2014,4,275000
"Denton County","TX","48121","MEDIAN","Both",2014,4,278000
"Denton County","TX","48121","MEDIAN","Purchase",2015,5,289000
"Denton County","TX","48121","MEDIAN","Refinance",2015,5,280000
"Denton County","TX","48121","MEDIAN","Both",2015,5,285000
"Denton County","TX","48121","MEDIAN","Purchase",2015,1,280000
"Denton County","TX","48121","MEDIAN","Refinance",2015,1,285000
"Denton County","TX","48121","MEDIAN","Both",2015,1,283000
"Denton County","TX","48121","MEDIAN","Purchase",2015,2,289000
"Denton County","TX","48121","MEDIAN","Refinance",2015,2,275000
"Denton County","TX","48121","MEDIAN","Both",2015,2,285000
"Denton County","TX","48121","MEDIAN","Purchase",2015,3,281000
"Denton County","TX","48121","MEDIAN","Refinance",2015,3,278000
"Denton County","TX","48121","MEDIAN","Both",2015,3,280000
"Denton County","TX","48121","MEDIAN","Purchase",2015,4,305000
"Denton County","TX","48121","MEDIAN","Refinance",2015,4,280000
"Denton County","TX","48121","MEDIAN","Both",2015,4,295000
"Denton County","TX","48121","MEDIAN","Purchase",2016,5,316000
"Denton County","TX","48121","MEDIAN","Refinance",2013,1,254000
"Denton County","TX","48121","MEDIAN","Both",2013,1,250000
"Denton County","TX","48121","MEDIAN","Purchase",2013,2,255000
"Denton County","TX","48121","MEDIAN","Refinance",2013,2,259200
"Denton County","TX","48121","MEDIAN","Both",2013,2,257000
"Denton County","TX","48121","MEDIAN","Purchase",2013,3,255500
"Denton County","TX","48121","MEDIAN","Refinance",2013,3,226000
"Denton County","TX","48121","MEDIAN","Both",2013,3,245000
"Denton County","TX","48121","MEDIAN","Purchase",2013,4,262000
"Denton County","TX","48121","MEDIAN","Refinance",2013,4,236000
"Denton County","TX","48121","MEDIAN","Refinance",2016,5,315000
"Denton County","TX","48121","MEDIAN","Both",2016,5,315000
"Denton County","TX","48121","MEDIAN","Purchase",2016,1,306000
"Denton County","TX","48121","MEDIAN","Refinance",2016,1,302000
"Denton County","TX","48121","MEDIAN","Both",2016,1,305000
"Denton County","TX","48121","MEDIAN","Purchase",2016,2,315000
"Denton County","TX","48121","MEDIAN","Refinance",2016,2,305000
"Denton County","TX","48121","MEDIAN","Both",2016,2,310500
"Denton County","TX","48121","MEDIAN","Purchase",2016,3,320000
"Denton County","TX","48121","MEDIAN","Refinance",2016,3,334000
"Denton County","TX","48121","MEDIAN","Both",2016,3,326600
"Denton County","TX","48121","MEDIAN","Purchase",2016,4,322300
"Denton County","TX","48121","MEDIAN","Refinance",2016,4,307000
"Denton County","TX","48121","MEDIAN","Both",2016,4,317000
"Denton County","TX","48121","MEDIAN","Purchase",2017,5,334000
"Denton County","TX","48121","MEDIAN","Refinance",2017,5,293000
"Denton County","TX","48121","MEDIAN","Both",2017,5,320000
"Denton County","TX","48121","MEDIAN","Purchase",2017,1,325000
"Denton County","TX","48121","MEDIAN","Refinance",2017,1,278000
"Denton County","TX","48121","MEDIAN","Both",2017,1,310000
"Denton County","TX","48121","MEDIAN","Purchase",2017,2,340000
"Denton County","TX","48121","MEDIAN","Refinance",2017,2,292000
"Denton County","TX","48121","MEDIAN","Both",2017,2,323000
"Denton County","TX","48121","MEDIAN","Purchase",2017,3,330500
"Denton County","TX","48121","MEDIAN","Refinance",2017,3,299000
"Denton County","TX","48121","MEDIAN","Both",2017,3,320500
"Denton County","TX","48121","MEDIAN","Purchase",2017,4,337000
"Denton County","TX","48121","MEDIAN","Refinance",2017,4,300000
"Denton County","TX","48121","MEDIAN","Both",2017,4,325000
"Denton County","TX","48121","MEDIAN","Purchase",2018,5,338000
"Denton County","TX","48121","MEDIAN","Refinance",2018,5,290000
"Denton County","TX","48121","MEDIAN","Both",2018,5,325000
"Denton County","TX","48121","MEDIAN","Purchase",2018,1,334000
"Denton County","TX","48121","MEDIAN","Refinance",2018,1,293000
"Denton County","TX","48121","MEDIAN","Both",2018,1,320000
"Denton County","TX","48121","MEDIAN","Purchase",2018,2,340000
"Denton County","TX","48121","MEDIAN","Refinance",2018,2,292000
"Denton County","TX","48121","MEDIAN","Both",2018,2,328500
"Denton County","TX","48121","MEDIAN","Purchase",2018,3,337800
"Denton County","TX","48121","MEDIAN","Refinance",2018,3,286000
"Denton County","TX","48121","MEDIAN","Both",2018,3,323000
"Denton County","TX","48121","MEDIAN","Purchase",2018,4,337000
"Denton County","TX","48121","MEDIAN","Refinance",2018,4,295000
"Denton County","TX","48121","MEDIAN","Both",2018,4,325000
"Denton County","TX","48121","MEDIAN","Purchase",2019,5,340000
"Denton County","TX","48121","MEDIAN","Refinance",2019,5,340000
"Denton County","TX","48121","MEDIAN","Both",2019,5,340000
"Denton County","TX","48121","MEDIAN","Purchase",2019,1,339500
"Denton County","TX","48121","MEDIAN","Refinance",2019,1,300000
"Denton County","TX","48121","MEDIAN","Both",2019,1,327000
"Denton County","TX","48121","MEDIAN","Purchase",2019,2,341000
"Denton County","TX","48121","MEDIAN","Refinance",2019,2,322000
"Denton County","TX","48121","MEDIAN","Both",2019,2,335000
"Denton County","TX","48121","MEDIAN","Purchase",2019,3,340000
"Denton County","TX","48121","MEDIAN","Refinance",2019,3,355800
"Denton County","TX","48121","MEDIAN","Both",2019,3,345000
"Denton County","TX","48121","MEDIAN","Purchase",2019,4,340000
"Denton County","TX","48121","MEDIAN","Refinance",2019,4,348000
"Denton County","TX","48121","MEDIAN","Both",2019,4,343000
"Denton County","TX","48121","MEDIAN","Purchase",2020,5,350000
"Denton County","TX","48121","MEDIAN","Refinance",2020,5,375000
"Denton County","TX","48121","MEDIAN","Both",2013,4,251000
"Denton County","TX","48121","MEDIAN","Purchase",2014,5,267000
"Denton County","TX","48121","MEDIAN","Refinance",2014,5,250000
"Denton County","TX","48121","P25","Purchase",2013,5,177500
"Denton County","TX","48121","MEDIAN","Both",2020,5,362000
"Denton County","TX","48121","MEDIAN","Purchase",2020,1,340000
"Denton County","TX","48121","MEDIAN","Refinance",2020,1,365000
"Denton County","TX","48121","MEDIAN","Both",2020,1,352000
"Denton County","TX","48121","MEDIAN","Purchase",2020,2,347000
"Denton County","TX","48121","MEDIAN","Refinance",2020,2,380000
"Denton County","TX","48121","MEDIAN","Both",2020,2,361000
"Denton County","TX","48121","MEDIAN","Purchase",2020,3,350000
"Denton County","TX","48121","MEDIAN","Refinance",2020,3,378300
"Denton County","TX","48121","MEDIAN","Both",2020,3,365000
"Denton County","TX","48121","MEDIAN","Purchase",2020,4,355000
"Denton County","TX","48121","MEDIAN","Refinance",2020,4,376000
"Denton County","TX","48121","MEDIAN","Both",2020,4,366000
"Denton County","TX","48121","MEDIAN","Purchase",2021,5,406000
"Denton County","TX","48121","MEDIAN","Refinance",2021,5,415000
"Denton County","TX","48121","MEDIAN","Both",2021,5,410000
"Denton County","TX","48121","MEDIAN","Purchase",2021,1,368000
"Denton County","TX","48121","MEDIAN","Refinance",2021,1,382000
"Denton County","TX","48121","MEDIAN","Both",2021,1,375000
"Denton County","TX","48121","MEDIAN","Purchase",2021,2,400000
"Denton County","TX","48121","MEDIAN","Refinance",2021,2,397000
"Denton County","TX","48121","MEDIAN","Both",2021,2,400000
"Denton County","TX","48121","MEDIAN","Purchase",2021,3,412000
"Denton County","TX","48121","MEDIAN","Refinance",2021,3,440000
"Denton County","TX","48121","MEDIAN","Both",2021,3,425000
"Denton County","TX","48121","MEDIAN","Purchase",2021,4,436000
"Denton County","TX","48121","MEDIAN","Refinance",2021,4,438000
"Denton County","TX","48121","MEDIAN","Both",2021,4,437000
"Denton County","TX","48121","MEDIAN","Purchase",2022,5,500000
"Denton County","TX","48121","MEDIAN","Refinance",2022,5,464000
"Denton County","TX","48121","MEDIAN","Both",2022,5,490000
"Denton County","TX","48121","MEDIAN","Purchase",2022,1,460000
"Denton County","TX","48121","MEDIAN","Refinance",2022,1,455000
"Denton County","TX","48121","MEDIAN","Both",2022,1,459000
"Denton County","TX","48121","MEDIAN","Purchase",2022,2,505500
"Denton County","TX","48121","MEDIAN","Refinance",2022,2,465000
"Denton County","TX","48121","MEDIAN","Both",2022,2,500000
"Denton County","TX","48121","MEDIAN","Purchase",2022,3,515000
"Denton County","TX","48121","MEDIAN","Refinance",2022,3,490000
"Denton County","TX","48121","MEDIAN","Both",2022,3,507000
"Denton County","TX","48121","MEDIAN","Purchase",2022,4,530000
"Denton County","TX","48121","MEDIAN","Refinance",2022,4,458000
"Denton County","TX","48121","MEDIAN","Both",2022,4,523000
"Denton County","TX","48121","P25","Purchase",2017,4,261000
"Denton County","TX","48121","P25","Refinance",2017,4,233000
"Denton County","TX","48121","P25","Both",2017,4,250000
"Denton County","TX","48121","P25","Purchase",2018,5,265000
"Denton County","TX","48121","P25","Refinance",2018,5,236000
"Denton County","TX","48121","P25","Both",2018,5,255000
"Denton County","TX","48121","P25","Purchase",2018,1,262000
"Denton County","TX","48121","P25","Refinance",2018,1,230000
"Denton County","TX","48121","P25","Both",2018,1,250000
"Denton County","TX","48121","P25","Purchase",2018,2,265000
"Denton County","TX","48121","P25","Refinance",2018,2,236000
"Denton County","TX","48121","P25","Both",2018,2,257000
"Denton County","TX","48121","P25","Purchase",2018,3,265000
"Denton County","TX","48121","P25","Refinance",2018,3,240000
"Denton County","TX","48121","P25","Both",2018,3,255000
"Denton County","TX","48121","P25","Purchase",2018,4,264600
"Denton County","TX","48121","P25","Refinance",2018,4,238000
"Denton County","TX","48121","P25","Both",2018,4,255000
"Denton County","TX","48121","P25","Purchase",2019,5,270000
"Denton County","TX","48121","P25","Refinance",2019,5,261500
"Denton County","TX","48121","P25","Both",2019,5,266000
"Denton County","TX","48121","P25","Purchase",2019,1,269000
"Denton County","TX","48121","P25","Refinance",2019,1,240000
"Denton County","TX","48121","P25","Both",2019,1,258500
"Denton County","TX","48121","P25","Purchase",2019,2,270000
"Denton County","TX","48121","P25","Refinance",2019,2,255000
"Denton County","TX","48121","P25","Both",2019,2,265000
"Denton County","TX","48121","P25","Purchase",2019,3,270000
"Denton County","TX","48121","P25","Refinance",2019,3,270000
"Denton County","TX","48121","P25","Both",2019,3,270000
"Denton County","TX","48121","P25","Purchase",2019,4,270000
"Denton County","TX","48121","P25","Refinance",2019,4,268000
"Denton County","TX","48121","P25","Both",2019,4,269000
"Denton County","TX","48121","P25","Purchase",2020,5,280000
"Denton County","TX","48121","P25","Refinance",2020,5,287000
"Denton County","TX","48121","P25","Both",2020,5,284000
"Denton County","TX","48121","P25","Purchase",2020,1,270000
"Denton County","TX","48121","P25","Refinance",2020,1,280000
"Denton County","TX","48121","P25","Both",2020,1,275000
"Denton County","TX","48121","P25","Purchase",2020,2,277000
"Denton County","TX","48121","P25","Refinance",2020,2,290000
"Denton County","TX","48121","P25","Both",2020,2,283500
"Denton County","TX","48121","P25","Purchase",2020,3,281900
"Denton County","TX","48121","P25","Refinance",2020,3,287000
"Denton County","TX","48121","P25","Refinance",2014,4,193000
"Denton County","TX","48121","P25","Both",2014,4,197000
"Denton County","TX","48121","P25","Purchase",2015,5,215000
"Denton County","TX","48121","P25","Refinance",2015,5,204000
"Denton County","TX","48121","P25","Both",2015,5,210000
"Denton County","TX","48121","P25","Purchase",2015,1,208000
"Denton County","TX","48121","P25","Refinance",2015,1,204000
"Denton County","TX","48121","P25","Both",2015,1,205000
"Denton County","TX","48121","P25","Purchase",2015,2,214000
"Denton County","TX","48121","P25","Refinance",2015,2,196500
"Denton County","TX","48121","P25","Both",2015,2,207000
"Denton County","TX","48121","P25","Purchase",2015,3,211000
"Denton County","TX","48121","P25","Refinance",2015,3,205000
"Denton County","TX","48121","P25","Both",2015,3,210000
"Denton County","TX","48121","P25","Purchase",2015,4,227000
"Denton County","TX","48121","P25","Refinance",2015,4,210000
"Denton County","TX","48121","P25","Both",2015,4,220000
"Denton County","TX","48121","P25","Purchase",2016,5,235000
"Denton County","TX","48121","P25","Refinance",2016,5,230000
"Denton County","TX","48121","P25","Both",2016,5,233000
"Denton County","TX","48121","P25","Purchase",2016,1,227000
"Denton County","TX","48121","P25","Refinance",2016,1,215000
"Denton County","TX","48121","P25","Both",2016,1,222000
"Denton County","TX","48121","P25","Purchase",2016,2,235000
"Denton County","TX","48121","P25","Refinance",2016,2,225000
"Denton County","TX","48121","P25","Both",2016,2,230000
"Denton County","TX","48121","P25","Purchase",2016,3,235000
"Denton County","TX","48121","P25","Refinance",2016,3,240000
"Denton County","TX","48121","P25","Both",2016,3,238000
"Denton County","TX","48121","P25","Purchase",2016,4,245000
"Denton County","TX","48121","P25","Refinance",2016,4,233000
"Denton County","TX","48121","P25","Both",2016,4,240000
"Denton County","TX","48121","P25","Purchase",2017,5,256000
"Denton County","TX","48121","P25","Refinance",2017,5,230000
"Denton County","TX","48121","P25","Both",2017,5,246000
"Denton County","TX","48121","P25","Purchase",2017,1,253000
"Denton County","TX","48121","P25","Refinance",2017,1,220000
"Denton County","TX","48121","P25","Both",2017,1,240000
"Denton County","TX","48121","P25","Purchase",2017,2,256800
"Denton County","TX","48121","P25","Refinance",2017,2,227500
"Denton County","TX","48121","P25","Both",2017,2,245900
"Denton County","TX","48121","P25","Purchase",2017,3,254000
"Denton County","TX","48121","P25","Refinance",2017,3,237800
"Denton County","TX","48121","P25","Both",2017,3,248000
"Denton County","TX","48121","P25","Both",2020,3,285000
"Denton County","TX","48121","P25","Purchase",2020,4,287000
"Denton County","TX","48121","P25","Refinance",2020,4,294000
"Denton County","TX","48121","P25","Both",2020,4,290000
"Denton County","TX","48121","P25","Purchase",2021,5,327000
"Denton County","TX","48121","P25","Refinance",2021,5,325000
"Denton County","TX","48121","P25","Both",2021,5,325000
"Denton County","TX","48121","P25","Purchase",2021,1,300000
"Denton County","TX","48121","P25","Refinance",2021,1,296000
"Denton County","TX","48121","P25","Both",2021,1,298000
"Denton County","TX","48121","P25","Purchase",2021,2,325000
"Denton County","TX","48121","P25","Refinance",2021,2,309000
"Denton County","TX","48121","P25","Both",2021,2,318000
"Denton County","TX","48121","P25","Purchase",2021,3,335000
"Denton County","TX","48121","P25","Refinance",2021,3,344000
"Denton County","TX","48121","P25","Both",2021,3,339000
"Denton County","TX","48121","P25","Purchase",2021,4,350000
"Denton County","TX","48121","P25","Refinance",2021,4,350000
"Denton County","TX","48121","P25","Both",2021,4,350000
"Denton County","TX","48121","P25","Purchase",2022,5,400000
"Denton County","TX","48121","P25","Refinance",2022,5,370000
"Denton County","TX","48121","P25","Both",2022,5,390000
"Denton County","TX","48121","P25","Purchase",2022,1,375000
"Denton County","TX","48121","P25","Refinance",2022,1,360000
"Denton County","TX","48121","P25","Both",2022,1,370000
"Denton County","TX","48121","P25","Purchase",2022,2,408000
"Denton County","TX","48121","P25","Refinance",2022,2,380000
"Denton County","TX","48121","P25","Both",2022,2,400000
"Denton County","TX","48121","P25","Purchase",2022,3,409500
"Denton County","TX","48121","P25","Refinance",2022,3,400000
"Denton County","TX","48121","P25","Both",2022,3,405000
"Denton County","TX","48121","P25","Purchase",2022,4,405000
"Denton County","TX","48121","P25","Refinance",2022,4,370000
"Denton County","TX","48121","P25","Both",2022,4,400000
"Denton County","TX","48121","P25","Refinance",2013,5,175000
"Denton County","TX","48121","P25","Both",2013,5,175000
"Denton County","TX","48121","P25","Purchase",2013,1,169000
"Denton County","TX","48121","P25","Refinance",2013,1,178000
"Denton County","TX","48121","P25","Both",2013,1,174000
"Denton County","TX","48121","P25","Purchase",2013,2,177000
"Denton County","TX","48121","P25","Refinance",2013,2,180000
"Denton County","TX","48121","P25","Both",2013,2,178000
"Denton County","TX","48121","P25","Purchase",2013,3,180000
"Denton County","TX","48121","P25","Refinance",2013,3,167000
"Denton County","TX","48121","P25","Both",2013,3,175000
"Denton County","TX","48121","P25","Purchase",2013,4,183000
"Denton County","TX","48121","P25","Refinance",2013,4,167000
"Denton County","TX","48121","P25","Both",2013,4,176800
"Denton County","TX","48121","P25","Purchase",2014,5,191000
"Denton County","TX","48121","P25","Refinance",2014,5,179000
"Denton County","TX","48121","P25","Both",2014,5,188000
"Denton County","TX","48121","P25","Purchase",2014,1,185000
"Denton County","TX","48121","P25","Refinance",2014,1,162000
"Denton County","TX","48121","P25","Both",2014,1,178000
"Denton County","TX","48121","P25","Purchase",2014,2,190000
"Denton County","TX","48121","P25","Refinance",2014,2,170000
"Denton County","TX","48121","P25","Both",2014,2,185000
"Denton County","TX","48121","P25","Purchase",2014,3,193000
"Denton County","TX","48121","P25","Refinance",2014,3,183000
"Denton County","TX","48121","P25","Both",2014,3,190000
"Denton County","TX","48121","P25","Purchase",2014,4,200000
"Denton County","TX","48121","P75","Purchase",2013,5,356000
"Denton County","TX","48121","P75","Refinance",2013,5,346000
"Denton County","TX","48121","P75","Refinance",2013,4,330000
"Denton County","TX","48121","P75","Both",2013,4,360000
"Denton County","TX","48121","P75","Purchase",2014,5,380000
"Denton County","TX","48121","P75","Refinance",2014,5,360000
"Denton County","TX","48121","P75","Both",2014,5,375000
"Denton County","TX","48121","P75","Purchase",2014,1,370000
"Denton County","TX","48121","P75","Refinance",2014,1,346000
"Denton County","TX","48121","P75","Both",2014,1,364000
"Denton County","TX","48121","P75","Purchase",2014,2,370800
"Denton County","TX","48121","P75","Refinance",2014,2,343000
"Denton County","TX","48121","P75","Both",2014,2,365000
"Denton County","TX","48121","P75","Purchase",2014,3,383000
"Denton County","TX","48121","P75","Purchase",2016,4,430000
"Denton County","TX","48121","P75","Refinance",2016,4,415000
"Denton County","TX","48121","P75","Both",2016,4,423000
"Denton County","TX","48121","P75","Purchase",2017,5,446000
"Denton County","TX","48121","P75","Refinance",2017,5,400000
"Denton County","TX","48121","P75","Both",2017,5,430000
"Denton County","TX","48121","P75","Purchase",2017,1,435000
"Denton County","TX","48121","P75","Refinance",2017,1,380000
"Denton County","TX","48121","P75","Both",2017,1,422000
"Denton County","TX","48121","P75","Purchase",2017,2,455000
"Denton County","TX","48121","P75","Refinance",2017,2,393500
"Denton County","TX","48121","P75","Both",2017,2,435000
"Denton County","TX","48121","P75","Purchase",2017,3,440000
"Denton County","TX","48121","P75","Refinance",2017,3,410000
"Denton County","TX","48121","P75","Both",2017,3,428000
"Denton County","TX","48121","P75","Purchase",2017,4,455000
"Denton County","TX","48121","P75","Refinance",2017,4,405000
"Denton County","TX","48121","P75","Both",2017,4,435000
"Denton County","TX","48121","P75","Purchase",2018,5,455000
"Denton County","TX","48121","P75","Refinance",2018,5,399000
"Denton County","TX","48121","P75","Both",2018,5,440000
"Denton County","TX","48121","P75","Purchase",2018,1,455000
"Denton County","TX","48121","P75","Refinance",2018,1,400000
"Denton County","TX","48121","P75","Both",2018,1,436500
"Denton County","TX","48121","P75","Purchase",2018,2,458000
"Denton County","TX","48121","P75","Refinance",2018,2,399000
"Denton County","TX","48121","P75","Both",2018,2,442000
"Denton County","TX","48121","P75","Purchase",2018,3,456300
"Denton County","TX","48121","P75","Refinance",2018,3,385000
"Denton County","TX","48121","P75","Both",2018,3,440000
"Denton County","TX","48121","P75","Purchase",2018,4,449000
"Denton County","TX","48121","P75","Refinance",2018,4,410000
"Denton County","TX","48121","P75","Both",2018,4,440000
"Denton County","TX","48121","P75","Purchase",2019,5,453000
"Denton County","TX","48121","P75","Refinance",2019,5,460000
"Denton County","TX","48121","P75","Both",2019,5,455000
"Denton County","TX","48121","P75","Purchase",2019,1,464000
"Denton County","TX","48121","P75","Refinance",2019,1,415000
"Denton County","TX","48121","P75","Both",2019,1,450000
"Denton County","TX","48121","P75","Purchase",2019,2,463000
"Denton County","TX","48121","P75","Refinance",2019,2,436000
"Denton County","TX","48121","P75","Both",2019,2,455000
"Denton County","TX","48121","P75","Purchase",2019,3,443500
"Denton County","TX","48121","P75","Refinance",2019,3,484000
"Denton County","TX","48121","P75","Refinance",2022,3,660000
"Denton County","TX","48121","P75","Both",2022,3,673000
"Denton County","TX","48121","P75","Purchase",2022,4,688000
"Denton County","TX","48121","P75","Refinance",2022,4,665500
"Denton County","TX","48121","P75","Both",2022,4,685000
"Denton County","TX","48121","P75","Refinance",2014,3,353000
"Denton County","TX","48121","P75","Both",2014,3,373000
"Denton County","TX","48121","P75","Purchase",2014,4,406000
"Denton County","TX","48121","P75","Refinance",2014,4,389000
"Denton County","TX","48121","P75","Both",2014,4,400000
"Denton County","TX","48121","P75","Purchase",2015,5,400000
"Denton County","TX","48121","P75","Refinance",2015,5,385000
"Denton County","TX","48121","P75","Both",2015,5,395000
"Denton County","TX","48121","P75","Purchase",2015,1,395000
"Denton County","TX","48121","P75","Refinance",2015,1,400000
"Denton County","TX","48121","P75","Both",2015,1,398000
"Denton County","TX","48121","P75","Purchase",2015,2,400000
"Denton County","TX","48121","P75","Refinance",2015,2,376000
"Denton County","TX","48121","P75","Both",2015,2,391000
"Denton County","TX","48121","P75","Purchase",2015,3,393500
"Denton County","TX","48121","P75","Refinance",2015,3,383000
"Denton County","TX","48121","P75","Both",2015,3,390000
"Denton County","TX","48121","P75","Purchase",2015,4,415000
"Denton County","TX","48121","P75","Refinance",2015,4,382000
"Denton County","TX","48121","P75","Both",2015,4,402000
"Denton County","TX","48121","P75","Purchase",2016,5,425000
"Denton County","TX","48121","P75","Refinance",2016,5,420000
"Denton County","TX","48121","P75","Both",2016,5,424500
"Denton County","TX","48121","P75","Purchase",2016,1,420000
"Denton County","TX","48121","P75","Refinance",2016,1,408000
"Denton County","TX","48121","P75","Both",2016,1,416000
"Denton County","TX","48121","P75","Purchase",2016,2,425000
"Denton County","TX","48121","P75","Refinance",2016,2,415000
"Denton County","TX","48121","P75","Both",2016,2,420000
"Denton County","TX","48121","P75","Purchase",2016,3,428500
"Denton County","TX","48121","P75","Refinance",2016,3,440000
"Denton County","TX","48121","P75","Both",2016,3,435000
"Denton County","TX","48121","P75","Both",2019,3,460000
"Denton County","TX","48121","P75","Purchase",2019,4,445000
"Denton County","TX","48121","P75","Refinance",2019,4,465000
"Denton County","TX","48121","P75","Both",2019,4,454000
"Denton County","TX","48121","P75","Purchase",2020,5,460000
"Denton County","TX","48121","P75","Refinance",2020,5,500000
"Denton County","TX","48121","P75","Both",2020,5,480000
"Denton County","TX","48121","P75","Purchase",2020,1,450000
"Denton County","TX","48121","P75","Refinance",2020,1,483000
"Denton County","TX","48121","P75","Both",2020,1,467000
"Denton County","TX","48121","P75","Purchase",2020,2,450000
"Denton County","TX","48121","P75","Refinance",2020,2,503000
"Denton County","TX","48121","P75","Both",2020,2,480000
"Denton County","TX","48121","P75","Purchase",2020,3,465000
"Denton County","TX","48121","P75","Refinance",2020,3,500000
"Denton County","TX","48121","P75","Both",2020,3,482000
"Denton County","TX","48121","P75","Purchase",2020,4,470000
"Denton County","TX","48121","P75","Refinance",2020,4,512000
"Denton County","TX","48121","P75","Both",2020,4,490000
"Denton County","TX","48121","P75","Purchase",2021,5,535000
"Denton County","TX","48121","P75","Refinance",2021,5,575000
"Denton County","TX","48121","P75","Both",2021,5,555000
"Denton County","TX","48121","P75","Purchase",2021,1,490000
"Denton County","TX","48121","P75","Refinance",2021,1,520000
"Denton County","TX","48121","P75","Both",2021,1,505000
"Denton County","TX","48121","P75","Purchase",2021,2,532000
"Denton County","TX","48121","P75","Refinance",2021,2,538500
"Denton County","TX","48121","P75","Both",2021,2,535000
"Denton County","TX","48121","P75","Purchase",2021,3,550000
"Denton County","TX","48121","P75","Refinance",2021,3,615000
"Denton County","TX","48121","P75","Both",2021,3,583500
"Denton County","TX","48121","P75","Purchase",2021,4,565000
"Denton County","TX","48121","P75","Refinance",2021,4,610000
"Denton County","TX","48121","P75","Both",2021,4,590000
"Denton County","TX","48121","P75","Purchase",2022,5,665000
"Denton County","TX","48121","P75","Refinance",2022,5,641000
"Denton County","TX","48121","P75","Both",2022,5,660000
"Denton County","TX","48121","P75","Purchase",2022,1,627000
"Denton County","TX","48121","P75","Refinance",2022,1,627000
"Denton County","TX","48121","P75","Both",2022,1,627000
"Denton County","TX","48121","P75","Purchase",2022,2,670000
"Denton County","TX","48121","P75","Refinance",2022,2,651500
"Denton County","TX","48121","P75","Both",2022,2,665000
"Denton County","TX","48121","P75","Purchase",2022,3,675000
"Denton County","TX","48121","P75","Both",2013,5,351000
"Denton County","TX","48121","P75","Purchase",2013,1,348000
"Denton County","TX","48121","P75","Refinance",2013,1,350000
"Denton County","TX","48121","P75","Both",2013,1,350000
"Denton County","TX","48121","P75","Purchase",2013,2,355000
"Denton County","TX","48121","P75","Refinance",2013,2,355000
"Denton County","TX","48121","P75","Both",2013,2,355000
"Denton County","TX","48121","P75","Purchase",2013,3,355000
"Denton County","TX","48121","P75","Refinance",2013,3,325000
"Denton County","TX","48121","P75","Both",2013,3,347000
"Denton County","TX","48121","P75","Purchase",2013,4,372000
"Denton County","TX","48121","MEAN","Purchase",2013,5,284500
"Denton County","TX","48121","MEAN","Refinance",2013,5,283900
"Denton County","TX","48121","MEAN","Both",2013,5,284300
"Denton County","TX","48121","MEAN","Purchase",2013,1,276300
"Denton County","TX","48121","MEAN","Refinance",2013,1,287500
"Denton County","TX","48121","MEAN","Both",2013,1,282800
"Denton County","TX","48121","MEAN","Purchase",2013,2,284200
"Denton County","TX","48121","MEAN","Refinance",2013,2,289000
"Denton County","TX","48121","MEAN","Both",2013,2,286500
"Denton County","TX","48121","MEAN","Purchase",2013,3,285900
"Denton County","TX","48121","MEAN","Refinance",2013,3,269100
"Denton County","TX","48121","MEAN","Both",2013,3,280800
"Denton County","TX","48121","MEAN","Purchase",2013,4,291300
"Denton County","TX","48121","MEAN","Refinance",2013,4,278700
"Denton County","TX","48121","MEAN","Both",2013,4,287300
"Denton County","TX","48121","MEAN","Purchase",2014,5,304700
"Denton County","TX","48121","MEAN","Refinance",2014,5,291500
"Denton County","TX","48121","MEAN","Both",2014,5,300600
"Denton County","TX","48121","MEAN","Purchase",2014,1,294100
"Denton County","TX","48121","MEAN","Refinance",2014,1,272600
"Denton County","TX","48121","MEAN","Both",2014,1,287900
"Denton County","TX","48121","MEAN","Purchase",2014,2,299500
"Denton County","TX","48121","MEAN","Refinance",2014,2,285500
"Denton County","TX","48121","MEAN","Both",2014,2,295800
"Denton County","TX","48121","MEAN","Purchase",2014,3,307500
"Denton County","TX","48121","MEAN","Refinance",2014,3,286300
"Denton County","TX","48121","MEAN","Both",2014,3,301000
"Denton County","TX","48121","MEAN","Purchase",2014,4,318400
"Denton County","TX","48121","MEAN","Refinance",2014,4,312800
"Denton County","TX","48121","MEAN","Both",2014,4,316200
"Denton County","TX","48121","MEAN","Purchase",2015,5,326600
"Denton County","TX","48121","MEAN","Refinance",2015,5,316900
"Denton County","TX","48121","MEAN","Both",2015,5,322700
"Denton County","TX","48121","MEAN","Purchase",2015,1,319000
"Denton County","TX","48121","MEAN","Refinance",2015,1,320800
"Denton County","TX","48121","MEAN","Both",2015,1,319900
"Denton County","TX","48121","MEAN","Purchase",2015,2,328100
"Denton County","TX","48121","MEAN","Refinance",2015,2,309400
"Denton County","TX","48121","MEAN","Both",2015,2,321100
"Denton County","TX","48121","MEAN","Purchase",2015,3,321800
"Denton County","TX","48121","MEAN","Refinance",2015,3,316300
"Denton County","TX","48121","MEAN","Both",2015,3,319800
"Denton County","TX","48121","MEAN","Purchase",2015,4,337200
"Denton County","TX","48121","MEAN","Refinance",2015,4,321300
"Denton County","TX","48121","MEAN","Both",2015,4,330900
"Denton County","TX","48121","MEAN","Purchase",2016,5,349600
"Denton County","TX","48121","MEAN","Refinance",2016,5,347800
"Denton County","TX","48121","MEAN","Refinance",2022,1,537800
"Denton County","TX","48121","MEAN","Both",2022,1,539400
"Denton County","TX","48121","MEAN","Purchase",2022,2,580000
"Denton County","TX","48121","MEAN","Refinance",2022,2,574300
"Denton County","TX","48121","MEAN","Both",2022,2,578500
"Denton County","TX","48121","MEAN","Purchase",2022,3,596500
"Denton County","TX","48121","MEAN","Refinance",2022,3,582200
"Denton County","TX","48121","MEAN","Both",2022,3,593400
"Denton County","TX","48121","MEAN","Purchase",2022,4,596500
"Denton County","TX","48121","MEAN","Refinance",2022,4,590200
"Denton County","TX","48121","MEAN","Both",2022,4,595700
"Denton County","TX","48121","MEAN","Both",2016,5,348800
"Denton County","TX","48121","MEAN","Purchase",2016,1,342000
"Denton County","TX","48121","MEAN","Refinance",2016,1,337300
"Denton County","TX","48121","MEAN","Both",2016,1,340000
"Denton County","TX","48121","MEAN","Purchase",2016,2,349900
"Denton County","TX","48121","MEAN","Refinance",2016,2,339300
"Denton County","TX","48121","MEAN","Both",2016,2,345600
"Denton County","TX","48121","MEAN","Purchase",2016,3,350700
"Denton County","TX","48121","MEAN","Refinance",2016,3,360600
"Denton County","TX","48121","MEAN","Both",2016,3,355600
"Denton County","TX","48121","MEAN","Purchase",2016,4,356000
"Denton County","TX","48121","MEAN","Refinance",2016,4,348700
"Denton County","TX","48121","MEAN","Both",2016,4,352600
"Denton County","TX","48121","MEAN","Purchase",2017,5,373100
"Denton County","TX","48121","MEAN","Refinance",2017,5,340800
"Denton County","TX","48121","MEAN","Both",2017,5,362000
"Denton County","TX","48121","MEAN","Purchase",2017,1,367100
"Denton County","TX","48121","MEAN","Refinance",2017,1,327500
"Denton County","TX","48121","MEAN","Both",2017,1,354000
"Denton County","TX","48121","MEAN","Purchase",2017,2,376500
"Denton County","TX","48121","MEAN","Refinance",2017,2,337100
"Denton County","TX","48121","MEAN","Both",2017,2,363800
"Denton County","TX","48121","MEAN","Purchase",2017,3,370300
"Denton County","TX","48121","MEAN","Refinance",2017,3,346700
"Denton County","TX","48121","MEAN","Both",2017,3,362100
"Denton County","TX","48121","MEAN","Purchase",2017,4,378300
"Denton County","TX","48121","MEAN","Refinance",2017,4,349800
"Denton County","TX","48121","MEAN","Both",2017,4,367800
"Denton County","TX","48121","MEAN","Purchase",2018,5,383100
"Denton County","TX","48121","MEAN","Refinance",2018,5,350800
"Denton County","TX","48121","MEAN","Both",2018,5,373600
"Denton County","TX","48121","MEAN","Purchase",2018,1,377500
"Denton County","TX","48121","MEAN","Refinance",2018,1,350600
"Denton County","TX","48121","MEAN","Both",2018,1,368500
"Denton County","TX","48121","MEAN","Purchase",2018,2,385400
"Denton County","TX","48121","MEAN","Refinance",2018,2,348600
"Denton County","TX","48121","MEAN","Both",2018,2,375300
"Denton County","TX","48121","MEAN","Purchase",2018,3,388100
"Denton County","TX","48121","MEAN","Refinance",2018,3,344100
"Denton County","TX","48121","MEAN","Both",2018,3,375700
"Denton County","TX","48121","MEAN","Purchase",2018,4,379500
"Denton County","TX","48121","MEAN","Refinance",2018,4,362200
"Denton County","TX","48121","MEAN","Both",2018,4,374400
"Denton County","TX","48121","MEAN","Purchase",2019,5,390300
"Denton County","TX","48121","MEAN","Refinance",2019,5,396800
"Denton County","TX","48121","MEAN","Both",2019,5,392900
"Denton County","TX","48121","RATIO","Purchase",2016,1,0.99
"Denton County","TX","48121","MEAN","Purchase",2019,1,391200
"Denton County","TX","48121","MEAN","Refinance",2019,1,363800
"Denton County","TX","48121","MEAN","Both",2019,1,382900
"Denton County","TX","48121","MEAN","Purchase",2019,2,396700
"Denton County","TX","48121","MEAN","Refinance",2019,2,386600
"Denton County","TX","48121","MEAN","Both",2019,2,393400
"Denton County","TX","48121","MEAN","Purchase",2019,3,387000
"Denton County","TX","48121","MEAN","Refinance",2019,3,409300
"Denton County","TX","48121","MEAN","Both",2019,3,397500
"Denton County","TX","48121","MEAN","Purchase",2019,4,384900
"Denton County","TX","48121","MEAN","Refinance",2019,4,404600
"Denton County","TX","48121","MEAN","Both",2019,4,394400
"Denton County","TX","48121","MEAN","Purchase",2020,5,397600
"Denton County","TX","48121","MEAN","Refinance",2020,5,427800
"Denton County","TX","48121","MEAN","Both",2020,5,413700
"Denton County","TX","48121","MEAN","Purchase",2020,1,387100
"Denton County","TX","48121","MEAN","Refinance",2020,1,413300
"Denton County","TX","48121","MEAN","Both",2020,1,401700
"Denton County","TX","48121","MEAN","Purchase",2020,2,387000
"Denton County","TX","48121","MEAN","Refinance",2020,2,429500
"Denton County","TX","48121","MEAN","Both",2020,2,409900
"Denton County","TX","48121","MEAN","Purchase",2020,3,403600
"Denton County","TX","48121","MEAN","Refinance",2020,3,430900
"Denton County","TX","48121","MEAN","Both",2020,3,417600
"Denton County","TX","48121","MEAN","Purchase",2020,4,410700
"Denton County","TX","48121","MEAN","Refinance",2020,4,436700
"Denton County","TX","48121","MEAN","Both",2020,4,424400
"Denton County","TX","48121","MEAN","Purchase",2021,5,468300
"Denton County","TX","48121","MEAN","Refinance",2021,5,488200
"Denton County","TX","48121","MEAN","Both",2021,5,478300
"Denton County","TX","48121","MEAN","Purchase",2021,1,433600
"Denton County","TX","48121","MEAN","Refinance",2021,1,449300
"Denton County","TX","48121","MEAN","Both",2021,1,442200
"Denton County","TX","48121","MEAN","Purchase",2021,2,463600
"Denton County","TX","48121","MEAN","Refinance",2021,2,464900
"Denton County","TX","48121","MEAN","Both",2021,2,464200
"Denton County","TX","48121","MEAN","Purchase",2021,3,481000
"Denton County","TX","48121","MEAN","Refinance",2021,3,515300
"Denton County","TX","48121","MEAN","Both",2021,3,498600
"Denton County","TX","48121","MEAN","Purchase",2021,4,491600
"Denton County","TX","48121","MEAN","Refinance",2021,4,523100
"Denton County","TX","48121","MEAN","Both",2021,4,507300
"Denton County","TX","48121","MEAN","Purchase",2022,5,577000
"Denton County","TX","48121","MEAN","Refinance",2022,5,558200
"Denton County","TX","48121","MEAN","Both",2022,5,571400
"Denton County","TX","48121","MEAN","Purchase",2022,1,540600
"Denton County","TX","48121","RATIO","Purchase",2013,5,0.987
"Denton County","TX","48121","RATIO","Purchase",2013,1,0.985
"Denton County","TX","48121","RATIO","Purchase",2013,2,0.991
"Denton County","TX","48121","RATIO","Purchase",2013,3,0.987
"Denton County","TX","48121","RATIO","Purchase",2013,4,0.984
"Denton County","TX","48121","RATIO","Purchase",2014,5,0.988
"Denton County","TX","48121","RATIO","Purchase",2014,1,0.987
"Denton County","TX","48121","RATIO","Purchase",2014,2,0.991
"Denton County","TX","48121","RATIO","Purchase",2014,3,0.989
"Denton County","TX","48121","RATIO","Purchase",2014,4,0.986
"Denton County","TX","48121","RATIO","Purchase",2015,5,0.989
"Denton County","TX","48121","RATIO","Purchase",2015,1,0.99
"Denton County","TX","48121","RATIO","Purchase",2015,2,0.994
"Denton County","TX","48121","RATIO","Purchase",2015,3,0.987
"Denton County","TX","48121","RATIO","Purchase",2015,4,0.986
"Denton County","TX","48121","RATIO","Purchase",2016,5,0.988
"Denton County","TX","48121","RATIO","Purchase",2016,2,0.991
"Denton County","TX","48121","RATIO","Purchase",2016,3,0.986
"Denton County","TX","48121","RATIO","Purchase",2016,4,0.984
"Denton County","TX","48121","RATIO","Purchase",2017,5,0.988
"Denton County","TX","48121","RATIO","Purchase",2017,1,0.989
"Denton County","TX","48121","RATIO","Purchase",2017,2,0.993
"Denton County","TX","48121","RATIO","Purchase",2017,3,0.986
"Denton County","TX","48121","RATIO","Purchase",2017,4,0.983
"Denton County","TX","48121","RATIO","Purchase",2018,5,0.986
"Denton County","TX","48121","RATIO","Purchase",2018,1,0.987
"Denton County","TX","48121","RATIO","Purchase",2018,2,0.987
"Denton County","TX","48121","RATIO","Purchase",2018,3,0.986
"Denton County","TX","48121","RATIO","Purchase",2018,4,0.982
"Denton County","TX","48121","RATIO","Purchase",2019,5,0.985
"Denton County","TX","48121","RATIO","Purchase",2019,1,0.984
"Denton County","TX","48121","RATIO","Purchase",2019,2,0.988
"Denton County","TX","48121","RATIO","Purchase",2019,3,0.985
"Denton County","TX","48121","RATIO","Purchase",2019,4,0.984
"Denton County","TX","48121","RATIO","Purchase",2020,5,0.99
"Denton County","TX","48121","RATIO","Purchase",2020,1,0.987
"Denton County","TX","48121","RATIO","Purchase",2020,2,0.989
"Denton County","TX","48121","RATIO","Purchase",2020,3,0.991
"Denton County","TX","48121","RATIO","Purchase",2020,4,0.992
"Denton County","TX","48121","RATIO","Purchase",2021,5,0.99
"Denton County","TX","48121","RATIO","Purchase",2021,1,0.999
"Denton County","TX","48121","RATIO","Purchase",2021,2,1.001
"Denton County","TX","48121","RATIO","Purchase",2021,3,0.982
"Denton County","TX","48121","RATIO","Purchase",2021,4,0.976
"Denton County","TX","48121","RATIO","Purchase",2022,5,0.97
"Denton County","TX","48121","RATIO","Purchase",2022,1,0.987
"Denton County","TX","48121","RATIO","Purchase",2022,2,0.97
"Denton County","TX","48121","RATIO","Purchase",2022,3,0.956
"Denton County","TX","48121","RATIO","Purchase",2022,4,0.966
"Denton County","TX","48121","PERBEL","Purchase",2013,5,0.086
"Denton County","TX","48121","PERBEL","Purchase",2014,5,0.094
"Denton County","TX","48121","PERBEL","Purchase",2014,1,0.085
"Denton County","TX","48121","PERBEL","Purchase",2014,2,0.115
"Denton County","TX","48121","PERBEL","Purchase",2014,3,0.089
"Denton County","TX","48121","PERBEL","Purchase",2014,4,0.078
"Denton County","TX","48121","PERBEL","Purchase",2015,5,0.122
"Denton County","TX","48121","PERBEL","Purchase",2015,1,0.127
"Denton County","TX","48121","PERBEL","Purchase",2015,2,0.163
"Denton County","TX","48121","PERBEL","Purchase",2015,3,0.106
"Denton County","TX","48121","PERBEL","Purchase",2015,4,0.085
"Denton County","TX","48121","PERBEL","Purchase",2016,5,0.116
"Denton County","TX","48121","PERBEL","Purchase",2016,1,0.125
"Denton County","TX","48121","PERBEL","Purchase",2016,2,0.146
"Denton County","TX","48121","PERBEL","Purchase",2016,3,0.096
"Denton County","TX","48121","PERBEL","Purchase",2016,4,0.088
"Denton County","TX","48121","PERBEL","Purchase",2017,5,0.108
"Denton County","TX","48121","PERBEL","Purchase",2017,1,0.115
"Denton County","TX","48121","PERBEL","Purchase",2017,2,0.144
"Denton County","TX","48121","PERBEL","Purchase",2017,3,0.095
"Denton County","TX","48121","PERBEL","Purchase",2017,4,0.071
"Denton County","TX","48121","PERBEL","Purchase",2018,5,0.077
"Denton County","TX","48121","PERBEL","Purchase",2018,1,0.099
"Denton County","TX","48121","PERBEL","Purchase",2018,2,0.095
"Denton County","TX","48121","PERBEL","Purchase",2018,3,0.062
"Denton County","TX","48121","PERBEL","Purchase",2018,4,0.048
"Denton County","TX","48121","PERBEL","Purchase",2019,5,0.066
"Denton County","TX","48121","PERBEL","Purchase",2019,1,0.064
"Denton County","TX","48121","PERBEL","Purchase",2019,2,0.079
"Denton County","TX","48121","PERBEL","Purchase",2019,3,0.067
"Denton County","TX","48121","PERBEL","Purchase",2019,4,0.052
"Denton County","TX","48121","PERBEL","Purchase",2020,5,0.092
"Denton County","TX","48121","PERBEL","Purchase",2020,1,0.072
"Denton County","TX","48121","PERBEL","Purchase",2020,2,0.083
"Denton County","TX","48121","PERBEL","Purchase",2020,3,0.098
"Denton County","TX","48121","PERBEL","Purchase",2020,4,0.111
"Denton County","TX","48121","PERBEL","Purchase",2021,5,0.208
"Denton County","TX","48121","PERBEL","Purchase",2021,1,0.219
"Denton County","TX","48121","PERBEL","Purchase",2021,2,0.287
"Denton County","TX","48121","PERBEL","Purchase",2021,3,0.165
"Denton County","TX","48121","PERBEL","Purchase",2021,4,0.153
"Denton County","TX","48121","PERBEL","Purchase",2022,5,0.13
"Denton County","TX","48121","PERBEL","Purchase",2022,1,0.256
"Denton County","TX","48121","PERBEL","Purchase",2022,2,0.156
"Denton County","TX","48121","PERBEL","Purchase",2022,3,0.041
"Denton County","TX","48121","PERBEL","Purchase",2022,4,0.033
"Denton County","TX","48121","PERBEL","Purchase",2013,1,0.074
"Denton County","TX","48121","PERBEL","Purchase",2013,2,0.108
"Denton County","TX","48121","PERBEL","Purchase",2013,3,0.085
"Denton County","TX","48121","PERBEL","Purchase",2013,4,0.068
"Denton County","TX","48121","PEREQ","Purchase",2016,3,0.2
"Denton County","TX","48121","PEREQ","Purchase",2013,5,0.21
"Denton County","TX","48121","PEREQ","Purchase",2013,1,0.207
"Denton County","TX","48121","PEREQ","Purchase",2013,2,0.233
"Denton County","TX","48121","PEREQ","Purchase",2013,3,0.212
"Denton County","TX","48121","PEREQ","Purchase",2013,4,0.176
"Denton County","TX","48121","PEREQ","Purchase",2014,5,0.205
"Denton County","TX","48121","PEREQ","Purchase",2014,1,0.199
"Denton County","TX","48121","PEREQ","Purchase",2014,2,0.235
"Denton County","TX","48121","PEREQ","Purchase",2014,3,0.203
"Denton County","TX","48121","PEREQ","Purchase",2014,4,0.175
"Denton County","TX","48121","PEREQ","Purchase",2015,5,0.198
"Denton County","TX","48121","PEREQ","Purchase",2015,1,0.199
"Denton County","TX","48121","PEREQ","Purchase",2015,2,0.219
"Denton County","TX","48121","PEREQ","Purchase",2015,3,0.202
"Denton County","TX","48121","PEREQ","Purchase",2015,4,0.166
"Denton County","TX","48121","PEREQ","Purchase",2016,5,0.196
"Denton County","TX","48121","PEREQ","Purchase",2016,1,0.199
"Denton County","TX","48121","PEREQ","Purchase",2016,2,0.207
"Denton County","TX","48121","PEREQ","Purchase",2016,4,0.173
"Denton County","TX","48121","PEREQ","Purchase",2017,5,0.19
"Denton County","TX","48121","PEREQ","Purchase",2017,1,0.184
"Denton County","TX","48121","PEREQ","Purchase",2017,2,0.215
"Denton County","TX","48121","PEREQ","Purchase",2017,3,0.195
"Denton County","TX","48121","PEREQ","Purchase",2017,4,0.157
"Denton County","TX","48121","PEREQ","Purchase",2018,5,0.181
"Denton County","TX","48121","PEREQ","Purchase",2018,1,0.194
"Denton County","TX","48121","PEREQ","Purchase",2018,2,0.199
"Denton County","TX","48121","PEREQ","Purchase",2018,3,0.174
"Denton County","TX","48121","PEREQ","Purchase",2018,4,0.15
"Denton County","TX","48121","PEREQ","Purchase",2019,5,0.178
"Denton County","TX","48121","PEREQ","Purchase",2019,1,0.171
"Denton County","TX","48121","PEREQ","Purchase",2019,2,0.195
"Denton County","TX","48121","PEREQ","Purchase",2019,3,0.185
"Denton County","TX","48121","PEREQ","Purchase",2019,4,0.153
"Denton County","TX","48121","PEREQ","Purchase",2020,5,0.199
"Denton County","TX","48121","PEREQ","Purchase",2020,1,0.175
"Denton County","TX","48121","PEREQ","Purchase",2020,2,0.201
"Denton County","TX","48121","PEREQ","Purchase",2020,3,0.209
"Denton County","TX","48121","PEREQ","Purchase",2020,4,0.207
"Denton County","TX","48121","PEREQ","Purchase",2021,5,0.164
"Denton County","TX","48121","PEREQ","Purchase",2021,1,0.173
"Denton County","TX","48121","PEREQ","Purchase",2021,2,0.173
"Denton County","TX","48121","PEREQ","Purchase",2021,3,0.166
"Denton County","TX","48121","PEREQ","Purchase",2021,4,0.144
"Denton County","TX","48121","PEREQ","Purchase",2022,5,0.119
"Denton County","TX","48121","PEREQ","Purchase",2022,1,0.125
"Denton County","TX","48121","PEREQ","Purchase",2022,2,0.139
"Denton County","TX","48121","PEREQ","Purchase",2022,3,0.106
"Denton County","TX","48121","PEREQ","Purchase",2022,4,0.097
"Denton County","TX","48121","PERABV","Purchase",2013,5,0.703
"Denton County","TX","48121","PERABV","Purchase",2013,1,0.719
"Denton County","TX","48121","PERABV","Purchase",2021,3,0.669
"Denton County","TX","48121","PERABV","Purchase",2021,4,0.702
"Denton County","TX","48121","PERABV","Purchase",2022,5,0.75
"Denton County","TX","48121","PERABV","Purchase",2022,1,0.619
"Denton County","TX","48121","PERABV","Purchase",2022,2,0.705
"Denton County","TX","48121","PERABV","Purchase",2022,3,0.853
"Denton County","TX","48121","PERABV","Purchase",2022,4,0.87
"Denton County","TX","48121","PERABV","Purchase",2013,2,0.659
"Denton County","TX","48121","PERABV","Purchase",2013,3,0.702
"Denton County","TX","48121","PERABV","Purchase",2013,4,0.756
"Denton County","TX","48121","PERABV","Purchase",2014,5,0.701
"Denton County","TX","48121","PERABV","Purchase",2014,1,0.715
"Denton County","TX","48121","PERABV","Purchase",2014,2,0.65
"Denton County","TX","48121","PERABV","Purchase",2014,3,0.708
"Denton County","TX","48121","PERABV","Purchase",2014,4,0.747
"Denton County","TX","48121","PERABV","Purchase",2015,5,0.68
"Denton County","TX","48121","PERABV","Purchase",2015,1,0.675
"Denton County","TX","48121","PERABV","Purchase",2015,2,0.618
"Denton County","TX","48121","PERABV","Purchase",2015,3,0.692
"Denton County","TX","48121","PERABV","Purchase",2015,4,0.75
"Denton County","TX","48121","PERABV","Purchase",2016,5,0.689
"Denton County","TX","48121","PERABV","Purchase",2016,1,0.676
"Denton County","TX","48121","PERABV","Purchase",2016,2,0.647
"Denton County","TX","48121","PERABV","Purchase",2016,3,0.704
"Denton County","TX","48121","PERABV","Purchase",2016,4,0.739
"Denton County","TX","48121","PERABV","Purchase",2017,5,0.702
"Denton County","TX","48121","PERABV","Purchase",2017,1,0.701
"Denton County","TX","48121","PERABV","Purchase",2017,2,0.641
"Denton County","TX","48121","PERABV","Purchase",2017,3,0.71
"Denton County","TX","48121","PERABV","Purchase",2017,4,0.772
"Denton County","TX","48121","PERABV","Purchase",2018,5,0.741
"Denton County","TX","48121","PERABV","Purchase",2018,1,0.707
"Denton County","TX","48121","PERABV","Purchase",2018,2,0.705
"Denton County","TX","48121","PERABV","Purchase",2018,3,0.764
"Denton County","TX","48121","PERABV","Purchase",2018,4,0.802
"Denton County","TX","48121","PERABV","Purchase",2019,5,0.756
"Denton County","TX","48121","PERABV","Purchase",2019,1,0.765
"Denton County","TX","48121","PERABV","Purchase",2019,2,0.727
"Denton County","TX","48121","PERABV","Purchase",2019,3,0.748
"Denton County","TX","48121","PERABV","Purchase",2019,4,0.795
"Denton County","TX","48121","PERABV","Purchase",2020,5,0.709
"Denton County","TX","48121","PERABV","Purchase",2020,1,0.752
"Denton County","TX","48121","PERABV","Purchase",2020,2,0.716
"Denton County","TX","48121","PERABV","Purchase",2020,3,0.694
"Denton County","TX","48121","PERABV","Purchase",2020,4,0.682
"Denton County","TX","48121","PERABV","Purchase",2021,5,0.627
"Denton County","TX","48121","PERABV","Purchase",2021,1,0.609
"Denton County","TX","48121","PERABV","Purchase",2021,2,0.54
